[
    { "name": "Where Is My Mind", "artist": "Maxence Cyrin", "year": 2020, "position": 1 },
    { "name": "Morning Sex", "artist": "Ralph Castelli", "year": 2020, "position": 2 },
    { "name": "Eine Minute", "artist": "Fynn Kliemann", "year": 2020, "position": 3 },
    { "name": "Nightcrawler", "artist": "Nosaj Thing", "year": 2020, "position": 4 },
    { "name": "New Sky", "artist": "RÜFÜS DU SOL", "year": 2020, "position": 5 },
    { "name": "Hold Me To The Light", "artist": "KAS:ST, Be No Rain", "year": 2021, "position": 1 },
    { "name": "Hide and Seek", "artist": "Imogen Heap", "year": 2021, "position": 2 },
    { "name": "Caves", "artist": "Haux", "year": 2021, "position": 3 },
    { "name": "La thune", "artist": "Angèle", "year": 2021, "position": 4 },
    { "name": "Become the Warm Jets", "artist": "Current Joys", "year": 2021, "position": 5 },
    { "name": "#3", "artist": "Aphex Twin", "year": 2022, "position": 1 },
    { "name": "letzer song", "artist": "CRO", "year": 2022, "position": 2 },
    { "name": "Buzzcut Season", "artist": "Lorde", "year": 2022, "position": 3 },
    { "name": "On Malencholy Hill", "artist": "Gorillaz", "year": 2022, "position": 4 },
    { "name": "Drink Before the War", "artist": "Sinéad O'Connor", "year": 2022, "position": 5 },
    { "name": "Hearts A Mess", "artist": "Gotye", "year": 2023, "position": 1 },
    { "name": "Rayon vert", "artist": "Mylène Farmer, AaRON", "year": 2023, "position": 2 },
    { "name": "Woza", "artist": "Mr JazziQ, Kabza De Small, Lady Du, Boohle", "year": 2023, "position": 3 },
    { "name": "In This Darkness", "artist": "Clara La San", "year": 2023, "position": 4 },
    { "name": "Consideration", "artist": "Rihanna, SZA", "year": 2023, "position": 5 }
  ]